﻿Designator,Quantity,Value,Footprint,Package,MPN,DNP,Mount_Type,Description
J1,1,KEYBOARD,PinHeader_1x20_P2.54mm_Vertical,,,,tht,"Generic connector, single row, 01x20, script generated (kicad-library-utils/schlib/autogen/connector/)"
SW1,1,F7/F8,SW_PUSH_6mm,,,,tht,"Push button switch, normally open, two pins, 45° tilted"
SW10,1,^,SW_PUSH_6mm,,,,tht,"Push button switch, normally open, two pins, 45° tilted"
SW11,1,=,SW_PUSH_6mm,,,,tht,"Push button switch, normally open, two pins, 45° tilted"
"SW12, SW51",2,SHIFT,SW_PUSH_6mm,,,,tht,"Push button switch, normally open, two pins, 45° tilted"
SW13,1,/ ?,SW_PUSH_6mm,,,,tht,"Push button switch, normally open, two pins, 45° tilted"
SW14,1,; ],SW_PUSH_6mm,,,,tht,"Push button switch, normally open, two pins, 45° tilted"
SW15,1,*,SW_PUSH_6mm,,,,tht,"Push button switch, normally open, two pins, 45° tilted"
SW16,1,£,SW_PUSH_6mm,,,,tht,"Push button switch, normally open, two pins, 45° tilted"
SW17,1,0,SW_PUSH_6mm,,,,tht,"Push button switch, normally open, two pins, 45° tilted"
SW18,1,-,SW_PUSH_6mm,,,,tht,"Push button switch, normally open, two pins, 45° tilted"
SW19,1,O,SW_PUSH_6mm,,,,tht,"Push button switch, normally open, two pins, 45° tilted"
SW2,1,F5/F6,SW_PUSH_6mm,,,,tht,"Push button switch, normally open, two pins, 45° tilted"
SW20,1,@,SW_PUSH_6mm,,,,tht,"Push button switch, normally open, two pins, 45° tilted"
SW21,1,K,SW_PUSH_6mm,,,,tht,"Push button switch, normally open, two pins, 45° tilted"
SW22,1,: [,SW_PUSH_6mm,,,,tht,"Push button switch, normally open, two pins, 45° tilted"
SW23,1,M,SW_PUSH_6mm,,,,tht,"Push button switch, normally open, two pins, 45° tilted"
SW24,1,. >,SW_PUSH_6mm,,,,tht,"Push button switch, normally open, two pins, 45° tilted"
SW25,1,N,SW_PUSH_6mm,,,,tht,"Push button switch, normally open, two pins, 45° tilted"
SW26,1,", <",SW_PUSH_6mm,,,,tht,"Push button switch, normally open, two pins, 45° tilted"
SW27,1,J,SW_PUSH_6mm,,,,tht,"Push button switch, normally open, two pins, 45° tilted"
SW28,1,L,SW_PUSH_6mm,,,,tht,"Push button switch, normally open, two pins, 45° tilted"
SW29,1,I,SW_PUSH_6mm,,,,tht,"Push button switch, normally open, two pins, 45° tilted"
SW3,1,F3/F4,SW_PUSH_6mm,,,,tht,"Push button switch, normally open, two pins, 45° tilted"
SW30,1,P,SW_PUSH_6mm,,,,tht,"Push button switch, normally open, two pins, 45° tilted"
SW31,1,9 ),SW_PUSH_6mm,,,,tht,"Push button switch, normally open, two pins, 45° tilted"
SW32,1,+,SW_PUSH_6mm,,,,tht,"Push button switch, normally open, two pins, 45° tilted"
SW33,1,"2 """,SW_PUSH_6mm,,,,tht,"Push button switch, normally open, two pins, 45° tilted"
SW34,1,6 &,SW_PUSH_6mm,,,,tht,"Push button switch, normally open, two pins, 45° tilted"
SW35,1,4 $,SW_PUSH_6mm,,,,tht,"Push button switch, normally open, two pins, 45° tilted"
SW36,1,8 (,SW_PUSH_6mm,,,,tht,"Push button switch, normally open, two pins, 45° tilted"
SW37,1,Q,SW_PUSH_6mm,,,,tht,"Push button switch, normally open, two pins, 45° tilted"
SW38,1,T,SW_PUSH_6mm,,,,tht,"Push button switch, normally open, two pins, 45° tilted"
SW39,1,E,SW_PUSH_6mm,,,,tht,"Push button switch, normally open, two pins, 45° tilted"
SW4,1,F1/F2,SW_PUSH_6mm,,,,tht,"Push button switch, normally open, two pins, 45° tilted"
SW40,1,U,SW_PUSH_6mm,,,,tht,"Push button switch, normally open, two pins, 45° tilted"
SW41,1,C=,SW_PUSH_6mm,,,,tht,"Push button switch, normally open, two pins, 45° tilted"
SW42,1,F,SW_PUSH_6mm,,,,tht,"Push button switch, normally open, two pins, 45° tilted"
SW43,1,S,SW_PUSH_6mm,,,,tht,"Push button switch, normally open, two pins, 45° tilted"
SW44,1,H,SW_PUSH_6mm,,,,tht,"Push button switch, normally open, two pins, 45° tilted"
SW45,1,SPACE,SW_PUSH_6mm,,,,tht,"Push button switch, normally open, two pins, 45° tilted"
SW46,1,C,SW_PUSH_6mm,,,,tht,"Push button switch, normally open, two pins, 45° tilted"
SW47,1,Z,SW_PUSH_6mm,,,,tht,"Push button switch, normally open, two pins, 45° tilted"
SW48,1,B,SW_PUSH_6mm,,,,tht,"Push button switch, normally open, two pins, 45° tilted"
SW49,1,RUN/STOP,SW_PUSH_6mm,,,,tht,"Push button switch, normally open, two pins, 45° tilted"
SW5,1,DOWN/UP,SW_PUSH_6mm,,,,tht,"Push button switch, normally open, two pins, 45° tilted"
SW50,1,X,SW_PUSH_6mm,,,,tht,"Push button switch, normally open, two pins, 45° tilted"
SW52,1,V,SW_PUSH_6mm,,,,tht,"Push button switch, normally open, two pins, 45° tilted"
SW53,1,CTRL,SW_PUSH_6mm,,,,tht,"Push button switch, normally open, two pins, 45° tilted"
SW54,1,D,SW_PUSH_6mm,,,,tht,"Push button switch, normally open, two pins, 45° tilted"
SW55,1,A,SW_PUSH_6mm,,,,tht,"Push button switch, normally open, two pins, 45° tilted"
SW56,1,G,SW_PUSH_6mm,,,,tht,"Push button switch, normally open, two pins, 45° tilted"
SW57,1,<-,SW_PUSH_6mm,,,,tht,"Push button switch, normally open, two pins, 45° tilted"
SW58,1,R,SW_PUSH_6mm,,,,tht,"Push button switch, normally open, two pins, 45° tilted"
SW59,1,W,SW_PUSH_6mm,,,,tht,"Push button switch, normally open, two pins, 45° tilted"
SW6,1,RIGHT/LEFT,SW_PUSH_6mm,,,,tht,"Push button switch, normally open, two pins, 45° tilted"
SW60,1,Y,SW_PUSH_6mm,,,,tht,"Push button switch, normally open, two pins, 45° tilted"
SW61,1,1 !,SW_PUSH_6mm,,,,tht,"Push button switch, normally open, two pins, 45° tilted"
SW62,1,5 %,SW_PUSH_6mm,,,,tht,"Push button switch, normally open, two pins, 45° tilted"
SW63,1,3 #,SW_PUSH_6mm,,,,tht,"Push button switch, normally open, two pins, 45° tilted"
SW64,1,7 ',SW_PUSH_6mm,,,,tht,"Push button switch, normally open, two pins, 45° tilted"
SW65,1,RESTORE,SW_PUSH_6mm,,,,tht,"Push button switch, normally open, two pins, 45° tilted"
SW7,1,RETURN,SW_PUSH_6mm,,,,tht,"Push button switch, normally open, two pins, 45° tilted"
SW8,1,DEL/INST,SW_PUSH_6mm,,,,tht,"Push button switch, normally open, two pins, 45° tilted"
SW9,1,HOME/CLR,SW_PUSH_6mm,,,,tht,"Push button switch, normally open, two pins, 45° tilted"
