﻿pos_x,pos_y,rotation,side,designator,mpn,pack,footprint,value,mount_type
22.72,-36.38,90.0,top,J1,,,PinHeader_1x20_P2.54mm_Vertical,KEYBOARD,tht
181.96,-70.38,0.0,top,SW1,,,SW_PUSH_6mm,F7/F8,tht
151.96,-52.38,0.0,top,SW10,,,SW_PUSH_6mm,^,tht
141.96,-61.38,0.0,top,SW11,,,SW_PUSH_6mm,=,tht
141.96,-70.38,0.0,top,SW12,,,SW_PUSH_6mm,SHIFT,tht
131.96,-70.38,0.0,top,SW13,,,SW_PUSH_6mm,/ ?,tht
131.96,-61.38,0.0,top,SW14,,,SW_PUSH_6mm,; ],tht
141.96,-52.38,0.0,top,SW15,,,SW_PUSH_6mm,*,tht
151.96,-43.38,0.0,top,SW16,,,SW_PUSH_6mm,£,tht
121.96,-43.38,0.0,top,SW17,,,SW_PUSH_6mm,0,tht
141.96,-43.38,0.0,top,SW18,,,SW_PUSH_6mm,-,tht
111.96,-52.38,0.0,top,SW19,,,SW_PUSH_6mm,O,tht
181.96,-61.38,0.0,top,SW2,,,SW_PUSH_6mm,F5/F6,tht
131.96,-52.38,0.0,top,SW20,,,SW_PUSH_6mm,@,tht
101.96,-61.38,0.0,top,SW21,,,SW_PUSH_6mm,K,tht
121.96,-61.38,0.0,top,SW22,,,SW_PUSH_6mm,: [,tht
101.96,-70.38,0.0,top,SW23,,,SW_PUSH_6mm,M,tht
121.96,-70.38,0.0,top,SW24,,,SW_PUSH_6mm,. >,tht
91.96,-70.38,0.0,top,SW25,,,SW_PUSH_6mm,N,tht
111.96,-70.38,0.0,top,SW26,,,SW_PUSH_6mm,", <",tht
91.96,-61.38,0.0,top,SW27,,,SW_PUSH_6mm,J,tht
111.96,-61.38,0.0,top,SW28,,,SW_PUSH_6mm,L,tht
101.96,-52.38,0.0,top,SW29,,,SW_PUSH_6mm,I,tht
181.96,-52.38,0.0,top,SW3,,,SW_PUSH_6mm,F3/F4,tht
121.96,-52.38,0.0,top,SW30,,,SW_PUSH_6mm,P,tht
111.96,-43.38,0.0,top,SW31,,,SW_PUSH_6mm,9 ),tht
131.96,-43.38,0.0,top,SW32,,,SW_PUSH_6mm,+,tht
41.96,-43.38,0.0,top,SW33,,,SW_PUSH_6mm,"2 """,tht
81.96,-43.38,0.0,top,SW34,,,SW_PUSH_6mm,6 &,tht
61.96,-43.38,0.0,top,SW35,,,SW_PUSH_6mm,4 $,tht
101.96,-43.38,0.0,top,SW36,,,SW_PUSH_6mm,8 (,tht
31.96,-52.38,0.0,top,SW37,,,SW_PUSH_6mm,Q,tht
71.96,-52.38,0.0,top,SW38,,,SW_PUSH_6mm,T,tht
51.96,-52.38,0.0,top,SW39,,,SW_PUSH_6mm,E,tht
181.96,-43.38,0.0,top,SW4,,,SW_PUSH_6mm,F1/F2,tht
91.96,-52.38,0.0,top,SW40,,,SW_PUSH_6mm,U,tht
21.96,-70.38,0.0,top,SW41,,,SW_PUSH_6mm,C=,tht
61.96,-61.38,0.0,top,SW42,,,SW_PUSH_6mm,F,tht
41.96,-61.38,0.0,top,SW43,,,SW_PUSH_6mm,S,tht
81.96,-61.38,0.0,top,SW44,,,SW_PUSH_6mm,H,tht
81.96,-79.38,0.0,top,SW45,,,SW_PUSH_6mm,SPACE,tht
61.96,-70.38,0.0,top,SW46,,,SW_PUSH_6mm,C,tht
41.71,-70.38,0.0,top,SW47,,,SW_PUSH_6mm,Z,tht
81.96,-70.38,0.0,top,SW48,,,SW_PUSH_6mm,B,tht
21.96,-61.38,0.0,top,SW49,,,SW_PUSH_6mm,RUN/STOP,tht
151.96,-70.38,0.0,top,SW5,,,SW_PUSH_6mm,DOWN/UP,tht
51.96,-70.38,0.0,top,SW50,,,SW_PUSH_6mm,X,tht
31.96,-70.38,0.0,top,SW51,,,SW_PUSH_6mm,SHIFT,tht
71.96,-70.38,0.0,top,SW52,,,SW_PUSH_6mm,V,tht
21.96,-52.38,0.0,top,SW53,,,SW_PUSH_6mm,CTRL,tht
51.96,-61.38,0.0,top,SW54,,,SW_PUSH_6mm,D,tht
31.96,-61.38,0.0,top,SW55,,,SW_PUSH_6mm,A,tht
71.96,-61.38,0.0,top,SW56,,,SW_PUSH_6mm,G,tht
21.96,-43.38,0.0,top,SW57,,,SW_PUSH_6mm,<-,tht
61.96,-52.38,0.0,top,SW58,,,SW_PUSH_6mm,R,tht
41.96,-52.38,0.0,top,SW59,,,SW_PUSH_6mm,W,tht
161.96,-70.38,0.0,top,SW6,,,SW_PUSH_6mm,RIGHT/LEFT,tht
81.96,-52.38,0.0,top,SW60,,,SW_PUSH_6mm,Y,tht
31.96,-43.38,0.0,top,SW61,,,SW_PUSH_6mm,1 !,tht
71.96,-43.38,0.0,top,SW62,,,SW_PUSH_6mm,5 %,tht
51.96,-43.38,0.0,top,SW63,,,SW_PUSH_6mm,3 #,tht
91.96,-43.38,0.0,top,SW64,,,SW_PUSH_6mm,7 ',tht
167.46,-52.38,0.0,top,SW65,,,SW_PUSH_6mm,RESTORE,tht
167.46,-61.38,0.0,top,SW7,,,SW_PUSH_6mm,RETURN,tht
171.96,-43.38,0.0,top,SW8,,,SW_PUSH_6mm,DEL/INST,tht
161.96,-43.38,0.0,top,SW9,,,SW_PUSH_6mm,HOME/CLR,tht
